test_set,n,model,accuracy,macro_f1
original,800,TF-IDF + LinearSVC,0.935,0.9351302372158499
original,800,Qwen2.5-3B,0.93875,0.9388620754937107
original,800,Llama-3.2-3B,0.955,0.9549427670441474
original,800,Gemma-2-2B,0.96,0.9599513249300922
minus 'label wrong',786,TF-IDF + LinearSVC,0.9478371501272265,0.9478425897403282
minus 'label wrong',786,Qwen2.5-3B,0.955470737913486,0.9554562104490409
minus 'label wrong',786,Llama-3.2-3B,0.9720101781170484,0.971904260037222
minus 'label wrong',786,Gemma-2-2B,0.9770992366412213,0.9770496552364686
minus 'label wrong' and 'unclear',783,TF-IDF + LinearSVC,0.9514687100893997,0.9514085251664486
minus 'label wrong' and 'unclear',783,Qwen2.5-3B,0.9591315453384419,0.9591292268694157
minus 'label wrong' and 'unclear',783,Llama-3.2-3B,0.9757343550446999,0.9756236835372106
minus 'label wrong' and 'unclear',783,Gemma-2-2B,0.9808429118773946,0.980752513918633
