model,cls,precision,recall,f1,support
TF-IDF + LinearSVC,Business & Economics,0.9261083743842364,0.94,0.9330024813895782,200
TF-IDF + LinearSVC,Entertainment,0.9432989690721649,0.915,0.9289340101522843,200
TF-IDF + LinearSVC,Science & Technology,0.8980582524271845,0.925,0.9113300492610837,200
TF-IDF + LinearSVC,Sports,0.9746192893401016,0.96,0.9672544080604534,200
Qwen2.5-3B,Business & Economics,0.95,0.95,0.95,200
Qwen2.5-3B,Entertainment,0.9178743961352657,0.95,0.9336609336609336,200
Qwen2.5-3B,Science & Technology,0.9154228855721394,0.92,0.9177057356608479,200
Qwen2.5-3B,Sports,0.9739583333333334,0.935,0.9540816326530612,200
Llama-3.2-3B,Business & Economics,0.9514563106796117,0.98,0.9655172413793104,200
Llama-3.2-3B,Entertainment,0.945273631840796,0.95,0.9476309226932669,200
Llama-3.2-3B,Science & Technology,0.9387755102040817,0.92,0.9292929292929293,200
Llama-3.2-3B,Sports,0.9847715736040609,0.97,0.9773299748110831,200
Gemma-2-2B,Business & Economics,0.937799043062201,0.98,0.9584352078239609,200
Gemma-2-2B,Entertainment,0.9642857142857143,0.945,0.9545454545454546,200
Gemma-2-2B,Science & Technology,0.9438775510204082,0.925,0.9343434343434344,200
Gemma-2-2B,Sports,0.9949748743718593,0.99,0.9924812030075187,200
